1,Kyber512,KEM,0.1177,0.0257,0.0196,800,1632,768
1,Kyber768,KEM,0.0259,0.0275,0.0232,1184,2400,1088
1,Kyber1024,KEM,0.0273,0.0311,0.0246,1568,3168,1568
1,ML-KEM-512,KEM,0.0137,0.0136,0.0146,800,1632,768
1,ML-KEM-768,KEM,0.0159,0.0163,0.0197,1184,2400,1088
1,ML-KEM-1024,KEM,0.0234,0.0234,0.0263,1568,3168,1568
1,Falcon-512,SIG,7.1423,0.2796,0.0571,897,1281,752
1,Falcon-1024,SIG,20.4476,0.5777,0.1083,1793,2305,1462
1,ML-DSA-44,SIG,0.0345,0.0902,0.0305,1312,2560,2420
1,ML-DSA-65,SIG,0.0672,0.1762,0.0622,1952,4032,3309
2,Kyber512,KEM,0.0317,0.0140,0.0104,800,1632,768
2,Kyber768,KEM,0.0183,0.0208,0.0157,1184,2400,1088
2,Kyber1024,KEM,0.0292,0.0327,0.0267,1568,3168,1568
2,ML-KEM-512,KEM,0.0122,0.0129,0.0137,800,1632,768
2,ML-KEM-768,KEM,0.0181,0.0182,0.0200,1184,2400,1088
2,ML-KEM-1024,KEM,0.0320,0.0352,0.0336,1568,3168,1568
2,Falcon-512,SIG,7.2768,0.2710,0.0538,897,1281,752
2,Falcon-1024,SIG,21.2904,0.5455,0.1058,1793,2305,1462
2,ML-DSA-44,SIG,0.0333,0.0854,0.0312,1312,2560,2420
2,ML-DSA-65,SIG,0.0554,0.1291,0.0495,1952,4032,3309
3,Kyber512,KEM,0.0312,0.0143,0.0100,800,1632,768
3,Kyber768,KEM,0.0174,0.0198,0.0145,1184,2400,1088
3,Kyber1024,KEM,0.0221,0.0265,0.0213,1568,3168,1568
3,ML-KEM-512,KEM,0.0117,0.0131,0.0134,800,1632,768
3,ML-KEM-768,KEM,0.0163,0.0166,0.0188,1184,2400,1088
3,ML-KEM-1024,KEM,0.0235,0.0246,0.0295,1568,3168,1568
3,Falcon-512,SIG,8.0188,0.2959,0.0564,897,1281,752
3,Falcon-1024,SIG,22.1723,0.5985,0.1169,1793,2305,1462
3,ML-DSA-44,SIG,0.0325,0.0941,0.0351,1312,2560,2420
3,ML-DSA-65,SIG,0.0557,0.1584,0.0510,1952,4032,3309
4,Kyber512,KEM,0.0305,0.0138,0.0116,800,1632,768
4,Kyber768,KEM,0.0168,0.0192,0.0142,1184,2400,1088
4,Kyber1024,KEM,0.0249,0.0282,0.0235,1568,3168,1568
4,ML-KEM-512,KEM,0.0112,0.0114,0.0127,800,1632,768
4,ML-KEM-768,KEM,0.0161,0.0164,0.0186,1184,2400,1088
4,ML-KEM-1024,KEM,0.0240,0.0246,0.0289,1568,3168,1568
4,Falcon-512,SIG,7.1703,0.2785,0.0557,897,1281,752
4,Falcon-1024,SIG,22.4567,0.5763,0.1084,1793,2305,1462
4,ML-DSA-44,SIG,0.0325,0.0908,0.0299,1312,2560,2420
4,ML-DSA-65,SIG,0.0532,0.1192,0.0495,1952,4032,3309
5,Kyber512,KEM,0.0307,0.0131,0.0106,800,1632,768
5,Kyber768,KEM,0.0169,0.0195,0.0144,1184,2400,1088
5,Kyber1024,KEM,0.0242,0.0269,0.0211,1568,3168,1568
5,ML-KEM-512,KEM,0.0110,0.0116,0.0127,800,1632,768
5,ML-KEM-768,KEM,0.0162,0.0166,0.0193,1184,2400,1088
5,ML-KEM-1024,KEM,0.0233,0.0252,0.0278,1568,3168,1568
5,Falcon-512,SIG,7.4213,0.2761,0.0575,897,1281,752
5,Falcon-1024,SIG,22.1985,0.6187,0.1054,1793,2305,1462
5,ML-DSA-44,SIG,0.0328,0.0950,0.0299,1312,2560,2420
5,ML-DSA-65,SIG,0.0543,0.1446,0.0500,1952,4032,3309
6,Kyber512,KEM,0.0518,0.0239,0.0188,800,1632,768
6,Kyber768,KEM,0.0406,0.0289,0.0222,1184,2400,1088
6,Kyber1024,KEM,0.0235,0.0259,0.0204,1568,3168,1568
6,ML-KEM-512,KEM,0.0108,0.0117,0.0128,800,1632,768
6,ML-KEM-768,KEM,0.0171,0.0194,0.0200,1184,2400,1088
6,ML-KEM-1024,KEM,0.0222,0.0234,0.0268,1568,3168,1568
6,Falcon-512,SIG,7.5792,0.3000,0.0555,897,1281,752
6,Falcon-1024,SIG,21.9626,0.5648,0.1088,1793,2305,1462
6,ML-DSA-44,SIG,0.0340,0.0862,0.0306,1312,2560,2420
6,ML-DSA-65,SIG,0.0548,0.1424,0.0516,1952,4032,3309
7,Kyber512,KEM,0.0301,0.0130,0.0100,800,1632,768
7,Kyber768,KEM,0.0180,0.0195,0.0167,1184,2400,1088
7,Kyber1024,KEM,0.0232,0.0261,0.0214,1568,3168,1568
7,ML-KEM-512,KEM,0.0112,0.0115,0.0128,800,1632,768
7,ML-KEM-768,KEM,0.0184,0.0199,0.0207,1184,2400,1088
7,ML-KEM-1024,KEM,0.0336,0.0315,0.0367,1568,3168,1568
7,Falcon-512,SIG,7.3608,0.2832,0.0555,897,1281,752
7,Falcon-1024,SIG,22.1669,0.5783,0.1196,1793,2305,1462
7,ML-DSA-44,SIG,0.0324,0.0987,0.0307,1312,2560,2420
7,ML-DSA-65,SIG,0.0562,0.1458,0.0500,1952,4032,3309
8,Kyber512,KEM,0.0330,0.0133,0.0097,800,1632,768
8,Kyber768,KEM,0.0189,0.0201,0.0154,1184,2400,1088
8,Kyber1024,KEM,0.0249,0.0283,0.0220,1568,3168,1568
8,ML-KEM-512,KEM,0.0109,0.0121,0.0125,800,1632,768
8,ML-KEM-768,KEM,0.0161,0.0174,0.0187,1184,2400,1088
8,ML-KEM-1024,KEM,0.0233,0.0237,0.0277,1568,3168,1568
8,Falcon-512,SIG,7.2831,0.2851,0.0559,897,1281,752
8,Falcon-1024,SIG,23.3692,0.5967,0.1144,1793,2305,1462
8,ML-DSA-44,SIG,0.0331,0.0877,0.0306,1312,2560,2420
8,ML-DSA-65,SIG,0.0535,0.1477,0.0492,1952,4032,3309
9,Kyber512,KEM,0.0311,0.0148,0.0105,800,1632,768
9,Kyber768,KEM,0.0198,0.0205,0.0164,1184,2400,1088
9,Kyber1024,KEM,0.0229,0.0264,0.0202,1568,3168,1568
9,ML-KEM-512,KEM,0.0106,0.0116,0.0129,800,1632,768
9,ML-KEM-768,KEM,0.0171,0.0197,0.0208,1184,2400,1088
9,ML-KEM-1024,KEM,0.0225,0.0230,0.0263,1568,3168,1568
9,Falcon-512,SIG,7.6767,0.2831,0.0569,897,1281,752
9,Falcon-1024,SIG,21.5375,0.5619,0.1054,1793,2305,1462
9,ML-DSA-44,SIG,0.0330,0.0945,0.0312,1312,2560,2420
9,ML-DSA-65,SIG,0.0609,0.1703,0.0566,1952,4032,3309
10,Kyber512,KEM,0.0342,0.0141,0.0109,800,1632,768
10,Kyber768,KEM,0.0176,0.0190,0.0148,1184,2400,1088
10,Kyber1024,KEM,0.0230,0.0273,0.0219,1568,3168,1568
10,ML-KEM-512,KEM,0.0171,0.0167,0.0203,800,1632,768
10,ML-KEM-768,KEM,0.0212,0.0237,0.0249,1184,2400,1088
10,ML-KEM-1024,KEM,0.0253,0.0264,0.0283,1568,3168,1568
10,Falcon-512,SIG,7.6927,0.3074,0.0566,897,1281,752
10,Falcon-1024,SIG,22.0550,0.5544,0.1118,1793,2305,1462
10,ML-DSA-44,SIG,0.0329,0.0937,0.0302,1312,2560,2420
10,ML-DSA-65,SIG,0.0533,0.1420,0.0491,1952,4032,3309
11,Kyber512,KEM,0.0602,0.0231,0.0167,800,1632,768
11,Kyber768,KEM,0.0251,0.0282,0.0209,1184,2400,1088
11,Kyber1024,KEM,0.0312,0.0358,0.0295,1568,3168,1568
11,ML-KEM-512,KEM,0.0129,0.0121,0.0133,800,1632,768
11,ML-KEM-768,KEM,0.0161,0.0166,0.0185,1184,2400,1088
11,ML-KEM-1024,KEM,0.0247,0.0264,0.0300,1568,3168,1568
11,Falcon-512,SIG,7.6976,0.2956,0.0607,897,1281,752
11,Falcon-1024,SIG,22.2582,0.5750,0.1071,1793,2305,1462
11,ML-DSA-44,SIG,0.0357,0.0927,0.0324,1312,2560,2420
11,ML-DSA-65,SIG,0.0543,0.1430,0.0514,1952,4032,3309
12,Kyber512,KEM,0.0301,0.0142,0.0103,800,1632,768
12,Kyber768,KEM,0.0169,0.0189,0.0145,1184,2400,1088
12,Kyber1024,KEM,0.0221,0.0259,0.0206,1568,3168,1568
12,ML-KEM-512,KEM,0.0108,0.0121,0.0132,800,1632,768
12,ML-KEM-768,KEM,0.0171,0.0258,0.0201,1184,2400,1088
12,ML-KEM-1024,KEM,0.0235,0.0236,0.0268,1568,3168,1568
12,Falcon-512,SIG,7.3227,0.2810,0.0542,897,1281,752
12,Falcon-1024,SIG,22.7032,0.5760,0.1065,1793,2305,1462
12,ML-DSA-44,SIG,0.0342,0.0928,0.0311,1312,2560,2420
12,ML-DSA-65,SIG,0.0559,0.1434,0.0548,1952,4032,3309
13,Kyber512,KEM,0.0480,0.0228,0.0398,800,1632,768
13,Kyber768,KEM,0.0243,0.0238,0.0182,1184,2400,1088
13,Kyber1024,KEM,0.0277,0.0316,0.0253,1568,3168,1568
13,ML-KEM-512,KEM,0.0116,0.0123,0.0141,800,1632,768
13,ML-KEM-768,KEM,0.0168,0.0175,0.0202,1184,2400,1088
13,ML-KEM-1024,KEM,0.0258,0.0269,0.0293,1568,3168,1568
13,Falcon-512,SIG,10.9649,0.4229,0.0816,897,1281,752
13,Falcon-1024,SIG,30.7638,0.8227,0.1537,1793,2305,1462
13,ML-DSA-44,SIG,0.0370,0.1067,0.0357,1312,2560,2420
13,ML-DSA-65,SIG,0.0666,0.1564,0.0578,1952,4032,3309
14,Kyber512,KEM,0.0393,0.0255,0.0147,800,1632,768
14,Kyber768,KEM,0.0221,0.0243,0.0192,1184,2400,1088
14,Kyber1024,KEM,0.0266,0.0305,0.0243,1568,3168,1568
14,ML-KEM-512,KEM,0.0147,0.0274,0.0199,800,1632,768
14,ML-KEM-768,KEM,0.0191,0.0221,0.0245,1184,2400,1088
14,ML-KEM-1024,KEM,0.0302,0.0316,0.0379,1568,3168,1568
14,Falcon-512,SIG,7.9904,0.3056,0.0587,897,1281,752
14,Falcon-1024,SIG,24.4427,0.6415,0.1170,1793,2305,1462
14,ML-DSA-44,SIG,0.0347,0.0918,0.0318,1312,2560,2420
14,ML-DSA-65,SIG,0.0559,0.1437,0.0518,1952,4032,3309
15,Kyber512,KEM,0.0323,0.0152,0.0110,800,1632,768
15,Kyber768,KEM,0.0217,0.0222,0.0154,1184,2400,1088
15,Kyber1024,KEM,0.0238,0.0294,0.0212,1568,3168,1568
15,ML-KEM-512,KEM,0.0138,0.0124,0.0134,800,1632,768
15,ML-KEM-768,KEM,0.0197,0.0180,0.0199,1184,2400,1088
15,ML-KEM-1024,KEM,0.0229,0.0245,0.0282,1568,3168,1568
15,Falcon-512,SIG,7.3703,0.2846,0.0546,897,1281,752
15,Falcon-1024,SIG,24.2350,0.6277,0.1214,1793,2305,1462
15,ML-DSA-44,SIG,0.0416,0.0998,0.0389,1312,2560,2420
15,ML-DSA-65,SIG,0.0663,0.1849,0.0636,1952,4032,3309
16,Kyber512,KEM,0.0404,0.0194,0.0139,800,1632,768
16,Kyber768,KEM,0.0231,0.0240,0.0187,1184,2400,1088
16,Kyber1024,KEM,0.0280,0.0324,0.0250,1568,3168,1568
16,ML-KEM-512,KEM,0.0139,0.0147,0.0164,800,1632,768
16,ML-KEM-768,KEM,0.0196,0.0197,0.0238,1184,2400,1088
16,ML-KEM-1024,KEM,0.0281,0.0288,0.0328,1568,3168,1568
16,Falcon-512,SIG,8.8068,0.3397,0.0653,897,1281,752
16,Falcon-1024,SIG,24.4098,0.6453,0.1233,1793,2305,1462
16,ML-DSA-44,SIG,0.0495,0.1307,0.0480,1312,2560,2420
16,ML-DSA-65,SIG,0.0816,0.2056,0.0768,1952,4032,3309
17,Kyber512,KEM,0.0446,0.0168,0.0139,800,1632,768
17,Kyber768,KEM,0.0268,0.0446,0.0207,1184,2400,1088
17,Kyber1024,KEM,0.0344,0.0375,0.0319,1568,3168,1568
17,ML-KEM-512,KEM,0.0282,0.0200,0.0211,800,1632,768
17,ML-KEM-768,KEM,0.0229,0.0229,0.0257,1184,2400,1088
17,ML-KEM-1024,KEM,0.0382,0.0388,0.0416,1568,3168,1568
17,Falcon-512,SIG,11.7261,0.4596,0.1014,897,1281,752
17,Falcon-1024,SIG,23.3979,0.5904,0.1137,1793,2305,1462
17,ML-DSA-44,SIG,0.0345,0.0923,0.0324,1312,2560,2420
17,ML-DSA-65,SIG,0.0604,0.1480,0.0535,1952,4032,3309
18,Kyber512,KEM,0.0372,0.0167,0.0129,800,1632,768
18,Kyber768,KEM,0.0197,0.0213,0.0167,1184,2400,1088
18,Kyber1024,KEM,0.0253,0.0291,0.0233,1568,3168,1568
18,ML-KEM-512,KEM,0.0127,0.0168,0.0144,800,1632,768
18,ML-KEM-768,KEM,0.0188,0.0190,0.0209,1184,2400,1088
18,ML-KEM-1024,KEM,0.0245,0.0263,0.0286,1568,3168,1568
18,Falcon-512,SIG,7.8686,0.3051,0.0580,897,1281,752
18,Falcon-1024,SIG,23.1526,0.5945,0.1142,1793,2305,1462
18,ML-DSA-44,SIG,0.0333,0.1023,0.0315,1312,2560,2420
18,ML-DSA-65,SIG,0.0562,0.1463,0.0529,1952,4032,3309
19,Kyber512,KEM,0.0337,0.0163,0.0117,800,1632,768
19,Kyber768,KEM,0.0190,0.0216,0.0167,1184,2400,1088
19,Kyber1024,KEM,0.0246,0.0277,0.0217,1568,3168,1568
19,ML-KEM-512,KEM,0.0123,0.0143,0.0141,800,1632,768
19,ML-KEM-768,KEM,0.0176,0.0202,0.0203,1184,2400,1088
19,ML-KEM-1024,KEM,0.0353,0.0350,0.0391,1568,3168,1568
19,Falcon-512,SIG,8.1965,0.2972,0.0584,897,1281,752
19,Falcon-1024,SIG,24.3841,0.6244,0.1222,1793,2305,1462
19,ML-DSA-44,SIG,0.0389,0.0956,0.0423,1312,2560,2420
19,ML-DSA-65,SIG,0.0686,0.1621,0.0598,1952,4032,3309
20,Kyber512,KEM,0.0352,0.0195,0.0131,800,1632,768
20,Kyber768,KEM,0.0214,0.0230,0.0172,1184,2400,1088
20,Kyber1024,KEM,0.0259,0.0307,0.0238,1568,3168,1568
20,ML-KEM-512,KEM,0.0169,0.0158,0.0164,800,1632,768
20,ML-KEM-768,KEM,0.0200,0.0231,0.0223,1184,2400,1088
20,ML-KEM-1024,KEM,0.0270,0.0286,0.0342,1568,3168,1568
20,Falcon-512,SIG,9.0148,0.3635,0.0719,897,1281,752
20,Falcon-1024,SIG,28.8729,0.7457,0.1462,1793,2305,1462
20,ML-DSA-44,SIG,0.0393,0.1106,0.0367,1312,2560,2420
20,ML-DSA-65,SIG,0.0701,0.1771,0.0636,1952,4032,3309
